,First_Name,Last_Name,DD,MM,YYYY,Country_of_residence,label,Product_name,Risk_level,DateTime
0,asdsad,fdgdfgdfg,7,12,1965,North Korea,New Customer,P8,High,2022-03-21 13:29:00.613227
1,SAED,aaaaaa,7,12,1965,North Korea,New Customer,P9,Low,2022-03-21 13:29:00.613227
2,SAED,ELHOORIE,7,12,1965,North Korea,Suspicious,P10,Low,2022-03-21 13:29:00.613227
3,SAJID,MIR,18,9,1978,Pakistan,Suspicious,P11,High,2022-03-21 13:29:00.613227
4,ABD,AWDA,22,12,1950,Syria,Suspicious,P12,Medium,2022-03-21 13:29:00.613227
5,DANIEL,ANDREAS,20,3,1978,United States,Suspicious,P13,Low,2022-03-21 13:29:00.613227
6,HUSAM,ABDALRAUF,13,8,1958,Egypt,Suspicious,P14,Medium,2022-03-21 13:29:00.613227
7,JABER,ELBANEH,6,6,1966,Yemen,Suspicious,P15,Low,2022-03-21 13:29:00.613227
8,IBRAHIM,SALIH,14,10,1966,Russia,Suspicious,P16,Low,2022-03-21 13:29:00.613227
9,Nicolea,Hanse,28,1,1988,Thailand,False Positive,Securities,Low,2022-03-21 13:29:00.613227
10,Donica,Rishworth,10,7,1992,Portugal,False Positive,Forex,Medium,2022-03-21 13:29:00.613227
11,Hyacinthe,Goodding,30,1,2005,China,False Positive,Freit,High,2022-03-21 13:29:00.613227
12,Kira,Leguay,25,2,2008,Namibia,False Positive,P13,Medium,2022-03-21 13:29:00.613227
13,Niels,Santi,12,4,1975,Greece,False Positive,P17,High,2022-03-21 13:29:00.613227
14,Delphine,Asbrey,24,3,2000,Poland,False Positive,P4,High,2022-03-21 13:29:00.613227
15,Lowe,Tebboth,16,9,1977,China,False Positive,P5,High,2022-03-21 13:29:00.613227
16,Romy,Hissie,28,11,1986,Ukraine,False Positive,P6,Low,2022-03-21 13:29:00.613227
17,Bat,Gumey,6,12,1976,Czech Republic,False Positive,P7,High,2022-03-21 13:29:00.613227
18,Donavon,Filippo,14,5,2015,China,False Positive,Forex,Low,2022-03-21 13:29:00.613227
19,Cordie,Burdon,1,12,1975,Bangladesh,False Positive,Freit,High,2022-03-21 13:29:00.613227
20,Roger,Tomley,23,8,1977,Brazil,False Positive,Securities,Medium,2022-03-21 13:29:00.613227
21,Nani,Issard,13,11,1975,Central African Republic,False Positive,P17,High,2022-03-21 13:29:00.613227
22,Abeu,Aspenlon,27,4,1998,China,False Positive,P4,Low,2022-03-21 13:29:00.613227
23,Hayyim,Bockings,19,10,2010,Ukraine,False Positive,P5,High,2022-03-21 13:29:00.613227
24,Elijah,Girod,29,5,1988,China,False Positive,P6,Medium,2022-03-21 13:29:00.613227
25,Pearce,Hinsche,18,11,2004,Philippines,False Positive,P7,Low,2022-03-21 13:29:00.613227
26,Karin,Doni,21,1,2001,Russia,False Positive,Forex,High,2022-03-21 13:29:00.613227
27,Donall,Murdy,8,2,2006,France,False Positive,Freit,Low,2022-03-21 13:29:00.613227
28,Rodrique,Cathery,21,7,1975,Russia,False Positive,Securities,Low,2022-03-21 13:29:00.613227
29,Jenine,Hansed,3,8,2010,China,False Positive,Forex,High,2022-03-21 13:29:00.613227
30,Grace,Robinet,10,4,2004,France,False Positive,Freit,High,2022-03-21 13:29:00.613227
31,Llewellyn,Collingwood,31,5,1979,Indonesia,False Positive,Securities,High,2022-03-21 13:29:00.613227
32,Keely,Covil,4,9,1978,Russia,False Positive,Forex,Medium,2022-03-21 13:29:00.613227
33,Elisa,Arnecke,16,8,1977,Thailand,False Positive,Freit,Low,2022-03-21 13:29:00.613227
34,asdsad,fdgdfgdfg,7,12,1965,North Korea,New Customer,P8,High,2022-03-21 13:29:00.613227
35,SAED,aaaaaa,7,12,1965,North Korea,New Customer,P9,Low,2022-03-21 13:29:00.613227
36,SAED,ELHOORIE,7,12,1965,North Korea,Suspicious,P10,Low,2022-03-21 13:29:00.613227
37,SAJID,MIR,18,9,1978,Pakistan,Suspicious,P11,High,2022-03-21 13:29:00.613227
38,ABD,AWDA,22,12,1950,Syria,Suspicious,P12,Medium,2022-03-21 13:29:00.613227
39,DANIEL,ANDREAS,20,3,1978,United States,Suspicious,P13,Low,2022-03-21 13:29:00.613227
40,HUSAM,ABDALRAUF,13,8,1958,Egypt,Suspicious,P14,Medium,2022-03-21 13:29:00.613227
41,JABER,ELBANEH,6,6,1966,Yemen,Suspicious,P15,Low,2022-03-21 13:29:00.613227
42,IBRAHIM,SALIH,14,10,1966,Russia,Suspicious,P16,Low,2022-03-21 13:29:00.613227
43,Nicolea,Hanse,28,1,1988,Thailand,False Positive,Securities,Low,2022-03-21 13:29:00.613227
44,Donica,Rishworth,10,7,1992,Portugal,False Positive,Forex,Medium,2022-03-21 13:29:00.613227
45,Hyacinthe,Goodding,30,1,2005,China,False Positive,Freit,High,2022-03-21 13:29:00.613227
46,Kira,Leguay,25,2,2008,Namibia,False Positive,P13,Medium,2022-03-21 13:29:00.613227
47,Niels,Santi,12,4,1975,Greece,False Positive,P17,High,2022-03-21 13:29:00.613227
48,Delphine,Asbrey,24,3,2000,Poland,False Positive,P4,High,2022-03-21 13:29:00.613227
49,Lowe,Tebboth,16,9,1977,China,False Positive,P5,High,2022-03-21 13:29:00.613227
50,Romy,Hissie,28,11,1986,Ukraine,False Positive,P6,Low,2022-03-21 13:29:00.613227
51,Bat,Gumey,6,12,1976,Czech Republic,False Positive,P7,High,2022-03-21 13:29:00.613227
52,Donavon,Filippo,14,5,2015,China,False Positive,Forex,Low,2022-03-21 13:29:00.613227
53,Cordie,Burdon,1,12,1975,Bangladesh,False Positive,Freit,High,2022-03-21 13:29:00.613227
54,Roger,Tomley,23,8,1977,Brazil,False Positive,Securities,Medium,2022-03-21 13:29:00.613227
55,Nani,Issard,13,11,1975,Central African Republic,False Positive,P17,High,2022-03-21 13:29:00.613227
56,Abeu,Aspenlon,27,4,1998,China,False Positive,P4,Low,2022-03-21 13:29:00.613227
57,Hayyim,Bockings,19,10,2010,Ukraine,False Positive,P5,High,2022-03-21 13:29:00.613227
58,Elijah,Girod,29,5,1988,China,False Positive,P6,Medium,2022-03-21 13:29:00.613227
59,Pearce,Hinsche,18,11,2004,Philippines,False Positive,P7,Low,2022-03-21 13:29:00.613227
60,Karin,Doni,21,1,2001,Russia,False Positive,Forex,High,2022-03-21 13:29:00.613227
61,Donall,Murdy,8,2,2006,France,False Positive,Freit,Low,2022-03-21 13:29:00.613227
62,Rodrique,Cathery,21,7,1975,Russia,False Positive,Securities,Low,2022-03-21 13:29:00.613227
63,Jenine,Hansed,3,8,2010,China,False Positive,Forex,High,2022-03-21 13:29:00.613227
64,Grace,Robinet,10,4,2004,France,False Positive,Freit,High,2022-03-21 13:29:00.613227
65,Llewellyn,Collingwood,31,5,1979,Indonesia,False Positive,Securities,High,2022-03-21 13:29:00.613227
66,Keely,Covil,4,9,1978,Russia,False Positive,Forex,Medium,2022-03-21 13:29:00.613227
67,Elisa,Arnecke,16,8,1977,Thailand,False Positive,Freit,Low,2022-03-21 13:29:00.613227
68,asdsad,fdgdfgdfg,7,12,1965,North Korea,New Customer,P8,High,2022-03-21 13:29:00.613227
69,SAED,aaaaaa,7,12,1965,North Korea,New Customer,P9,Low,2022-03-21 13:29:00.613227
70,SAED,ELHOORIE,7,12,1965,North Korea,Suspicious,P10,Low,2022-03-21 13:29:00.613227
71,SAJID,MIR,18,9,1978,Pakistan,Suspicious,P11,High,2022-03-21 13:29:00.613227
72,ABD,AWDA,22,12,1950,Syria,Suspicious,P12,Medium,2022-03-21 13:29:00.613227
73,DANIEL,ANDREAS,20,3,1978,United States,Suspicious,P13,Low,2022-03-21 13:29:00.613227
74,HUSAM,ABDALRAUF,13,8,1958,Egypt,Suspicious,P14,Medium,2022-03-21 13:29:00.613227
75,JABER,ELBANEH,6,6,1966,Yemen,Suspicious,P15,Low,2022-03-21 13:29:00.613227
76,IBRAHIM,SALIH,14,10,1966,Russia,Suspicious,P16,Low,2022-03-21 13:29:00.613227
77,Nicolea,Hanse,28,1,1988,Thailand,False Positive,Securities,Low,2022-03-21 13:29:00.613227
78,Donica,Rishworth,10,7,1992,Portugal,False Positive,Forex,Medium,2022-03-21 13:29:00.613227
79,Hyacinthe,Goodding,30,1,2005,China,False Positive,Freit,High,2022-03-21 13:29:00.613227
80,Kira,Leguay,25,2,2008,Namibia,False Positive,P13,Medium,2022-03-21 13:29:00.613227
81,Niels,Santi,12,4,1975,Greece,False Positive,P17,High,2022-03-21 13:29:00.613227
82,Delphine,Asbrey,24,3,2000,Poland,False Positive,P4,High,2022-03-21 13:29:00.613227
83,Lowe,Tebboth,16,9,1977,China,False Positive,P5,High,2022-03-21 13:29:00.613227
84,Romy,Hissie,28,11,1986,Ukraine,False Positive,P6,Low,2022-03-21 13:29:00.613227
85,Bat,Gumey,6,12,1976,Czech Republic,False Positive,P7,High,2022-03-21 13:29:00.613227
86,Donavon,Filippo,14,5,2015,China,False Positive,Forex,Low,2022-03-21 13:29:00.613227
87,Cordie,Burdon,1,12,1975,Bangladesh,False Positive,Freit,High,2022-03-21 13:29:00.613227
88,Roger,Tomley,23,8,1977,Brazil,False Positive,Securities,Medium,2022-03-21 13:29:00.613227
89,Nani,Issard,13,11,1975,Central African Republic,False Positive,P17,High,2022-03-21 13:29:00.613227
90,Abeu,Aspenlon,27,4,1998,China,False Positive,P4,Low,2022-03-21 13:29:00.613227
91,Hayyim,Bockings,19,10,2010,Ukraine,False Positive,P5,High,2022-03-21 13:29:00.613227
92,Elijah,Girod,29,5,1988,China,False Positive,P6,Medium,2022-03-21 13:29:00.613227
93,Pearce,Hinsche,18,11,2004,Philippines,False Positive,P7,Low,2022-03-21 13:29:00.613227
94,Karin,Doni,21,1,2001,Russia,False Positive,Forex,High,2022-03-21 13:29:00.613227
95,Donall,Murdy,8,2,2006,France,False Positive,Freit,Low,2022-03-21 13:29:00.613227
96,Rodrique,Cathery,21,7,1975,Russia,False Positive,Securities,Low,2022-03-21 13:29:00.613227
97,Jenine,Hansed,3,8,2010,China,False Positive,Forex,High,2022-03-21 13:29:00.613227
98,Grace,Robinet,10,4,2004,France,False Positive,Freit,High,2022-03-21 13:29:00.613227
99,Llewellyn,Collingwood,31,5,1979,Indonesia,False Positive,Securities,High,2022-03-21 13:29:00.613227
100,Keely,Covil,4,9,1978,Russia,False Positive,Forex,Medium,2022-03-21 13:29:00.613227
101,Elisa,Arnecke,16,8,1977,Thailand,False Positive,Freit,Low,2022-03-21 13:29:00.613227
102,asdsad,fdgdfgdfg,7,12,1965,North Korea,New Customer,P8,High,2022-03-21 13:29:00.613227
103,SAED,aaaaaa,7,12,1965,North Korea,New Customer,P9,Low,2022-03-21 13:29:00.613227
104,SAED,ELHOORIE,7,12,1965,North Korea,Suspicious,P10,Low,2022-03-21 13:29:00.613227
105,SAJID,MIR,18,9,1978,Pakistan,Suspicious,P11,High,2022-03-21 13:29:00.613227
106,ABD,AWDA,22,12,1950,Syria,Suspicious,P12,Medium,2022-03-21 13:29:00.613227
107,DANIEL,ANDREAS,20,3,1978,United States,Suspicious,P13,Low,2022-03-21 13:29:00.613227
108,HUSAM,ABDALRAUF,13,8,1958,Egypt,Suspicious,P14,Medium,2022-03-21 13:29:00.613227
109,JABER,ELBANEH,6,6,1966,Yemen,Suspicious,P15,Low,2022-03-21 13:29:00.613227
110,IBRAHIM,SALIH,14,10,1966,Russia,Suspicious,P16,Low,2022-03-21 13:29:00.613227
111,Nicolea,Hanse,28,1,1988,Thailand,False Positive,Securities,Low,2022-03-21 13:29:00.613227
112,Donica,Rishworth,10,7,1992,Portugal,False Positive,Forex,Medium,2022-03-21 13:29:00.613227
113,Hyacinthe,Goodding,30,1,2005,China,False Positive,Freit,High,2022-03-21 13:29:00.613227
114,Kira,Leguay,25,2,2008,Namibia,False Positive,P13,Medium,2022-03-21 13:29:00.613227
115,Niels,Santi,12,4,1975,Greece,False Positive,P17,High,2022-03-21 13:29:00.613227
116,Delphine,Asbrey,24,3,2000,Poland,False Positive,P4,High,2022-03-21 13:29:00.613227
117,Lowe,Tebboth,16,9,1977,China,False Positive,P5,High,2022-03-21 13:29:00.613227
118,Romy,Hissie,28,11,1986,Ukraine,False Positive,P6,Low,2022-03-21 13:29:00.613227
119,Bat,Gumey,6,12,1976,Czech Republic,False Positive,P7,High,2022-03-21 13:29:00.613227
120,Donavon,Filippo,14,5,2015,China,False Positive,Forex,Low,2022-03-21 13:29:00.613227
121,Cordie,Burdon,1,12,1975,Bangladesh,False Positive,Freit,High,2022-03-21 13:29:00.613227
122,Roger,Tomley,23,8,1977,Brazil,False Positive,Securities,Medium,2022-03-21 13:29:00.613227
123,Nani,Issard,13,11,1975,Central African Republic,False Positive,P17,High,2022-03-21 13:29:00.613227
124,Abeu,Aspenlon,27,4,1998,China,False Positive,P4,Low,2022-03-21 13:29:00.613227
125,Hayyim,Bockings,19,10,2010,Ukraine,False Positive,P5,High,2022-03-21 13:29:00.613227
126,Elijah,Girod,29,5,1988,China,False Positive,P6,Medium,2022-03-21 13:29:00.613227
127,Pearce,Hinsche,18,11,2004,Philippines,False Positive,P7,Low,2022-03-21 13:29:00.613227
128,Karin,Doni,21,1,2001,Russia,False Positive,Forex,High,2022-03-21 13:29:00.613227
129,Donall,Murdy,8,2,2006,France,False Positive,Freit,Low,2022-03-21 13:29:00.613227
130,Rodrique,Cathery,21,7,1975,Russia,False Positive,Securities,Low,2022-03-21 13:29:00.613227
131,Jenine,Hansed,3,8,2010,China,False Positive,Forex,High,2022-03-21 13:29:00.613227
132,Grace,Robinet,10,4,2004,France,False Positive,Freit,High,2022-03-21 13:29:00.613227
133,Llewellyn,Collingwood,31,5,1979,Indonesia,False Positive,Securities,High,2022-03-21 13:29:00.613227
134,Keely,Covil,4,9,1978,Russia,False Positive,Forex,Medium,2022-03-21 13:29:00.613227
135,Elisa,Arnecke,16,8,1977,Thailand,False Positive,Freit,Low,2022-03-21 13:29:00.613227
136,asdsad,fdgdfgdfg,7,12,1965,North Korea,New Customer,P8,High,2022-03-21 13:29:00.613227
137,SAED,aaaaaa,7,12,1965,North Korea,New Customer,P9,Low,2022-03-21 13:29:00.613227
138,SAED,ELHOORIE,7,12,1965,North Korea,Suspicious,P10,Low,2022-03-21 13:29:00.613227
139,SAJID,MIR,18,9,1978,Pakistan,Suspicious,P11,High,2022-03-21 13:29:00.613227
140,ABD,AWDA,22,12,1950,Syria,Suspicious,P12,Medium,2022-03-21 13:29:00.613227
141,DANIEL,ANDREAS,20,3,1978,United States,Suspicious,P13,Low,2022-03-21 13:29:00.613227
142,HUSAM,ABDALRAUF,13,8,1958,Egypt,Suspicious,P14,Medium,2022-03-21 13:29:00.613227
143,JABER,ELBANEH,6,6,1966,Yemen,Suspicious,P15,Low,2022-03-21 13:29:00.613227
144,IBRAHIM,SALIH,14,10,1966,Russia,Suspicious,P16,Low,2022-03-21 13:29:00.613227
145,Nicolea,Hanse,28,1,1988,Thailand,False Positive,Securities,Low,2022-03-21 13:29:00.613227
146,Donica,Rishworth,10,7,1992,Portugal,False Positive,Forex,Medium,2022-03-21 13:29:00.613227
147,Hyacinthe,Goodding,30,1,2005,China,False Positive,Freit,High,2022-03-21 13:29:00.613227
148,Kira,Leguay,25,2,2008,Namibia,False Positive,P13,Medium,2022-03-21 13:29:00.613227
149,Niels,Santi,12,4,1975,Greece,False Positive,P17,High,2022-03-21 13:29:00.613227
150,Delphine,Asbrey,24,3,2000,Poland,False Positive,P4,High,2022-03-21 13:29:00.613227
151,Lowe,Tebboth,16,9,1977,China,False Positive,P5,High,2022-03-21 13:29:00.613227
152,Romy,Hissie,28,11,1986,Ukraine,False Positive,P6,Low,2022-03-21 13:29:00.613227
153,Bat,Gumey,6,12,1976,Czech Republic,False Positive,P7,High,2022-03-21 13:29:00.613227
154,Donavon,Filippo,14,5,2015,China,False Positive,Forex,Low,2022-03-21 13:29:00.613227
155,Cordie,Burdon,1,12,1975,Bangladesh,False Positive,Freit,High,2022-03-21 13:29:00.613227
156,Roger,Tomley,23,8,1977,Brazil,False Positive,Securities,Medium,2022-03-21 13:29:00.613227
157,Nani,Issard,13,11,1975,Central African Republic,False Positive,P17,High,2022-03-21 13:29:00.613227
158,Abeu,Aspenlon,27,4,1998,China,False Positive,P4,Low,2022-03-21 13:29:00.613227
159,Hayyim,Bockings,19,10,2010,Ukraine,False Positive,P5,High,2022-03-21 13:29:00.613227
160,Elijah,Girod,29,5,1988,China,False Positive,P6,Medium,2022-03-21 13:29:00.613227
161,Pearce,Hinsche,18,11,2004,Philippines,False Positive,P7,Low,2022-03-21 13:29:00.613227
162,Karin,Doni,21,1,2001,Russia,False Positive,Forex,High,2022-03-21 13:29:00.613227
163,Donall,Murdy,8,2,2006,France,False Positive,Freit,Low,2022-03-21 13:29:00.613227
164,Rodrique,Cathery,21,7,1975,Russia,False Positive,Securities,Low,2022-03-21 13:29:00.613227
165,Jenine,Hansed,3,8,2010,China,False Positive,Forex,High,2022-03-21 13:29:00.613227
166,Grace,Robinet,10,4,2004,France,False Positive,Freit,High,2022-03-21 13:29:00.613227
167,Llewellyn,Collingwood,31,5,1979,Indonesia,False Positive,Securities,High,2022-03-21 13:29:00.613227
168,Keely,Covil,4,9,1978,Russia,False Positive,Forex,Medium,2022-03-21 13:29:00.613227
169,Elisa,Arnecke,16,8,1977,Thailand,False Positive,Freit,Low,2022-03-21 13:29:00.613227
170,asdsad,fdgdfgdfg,7,12,1965,North Korea,New Customer,P8,High,2022-03-21 13:29:00.613227
171,SAED,aaaaaa,7,12,1965,North Korea,New Customer,P9,Low,2022-03-21 13:29:00.613227
172,SAED,ELHOORIE,7,12,1965,North Korea,Suspicious,P10,Low,2022-03-21 13:29:00.613227
173,SAJID,MIR,18,9,1978,Pakistan,Suspicious,P11,High,2022-03-21 13:29:00.613227
174,ABD,AWDA,22,12,1950,Syria,Suspicious,P12,Medium,2022-03-21 13:29:00.613227
175,DANIEL,ANDREAS,20,3,1978,United States,Suspicious,P13,Low,2022-03-21 13:29:00.613227
176,HUSAM,ABDALRAUF,13,8,1958,Egypt,Suspicious,P14,Medium,2022-03-21 13:29:00.613227
177,JABER,ELBANEH,6,6,1966,Yemen,Suspicious,P15,Low,2022-03-21 13:29:00.613227
178,IBRAHIM,SALIH,14,10,1966,Russia,Suspicious,P16,Low,2022-03-21 13:29:00.613227
179,Nicolea,Hanse,28,1,1988,Thailand,False Positive,Securities,Low,2022-03-21 13:29:00.613227
180,Donica,Rishworth,10,7,1992,Portugal,False Positive,Forex,Medium,2022-03-21 13:29:00.613227
181,Hyacinthe,Goodding,30,1,2005,China,False Positive,Freit,High,2022-03-21 13:29:00.613227
182,Kira,Leguay,25,2,2008,Namibia,False Positive,P13,Medium,2022-03-21 13:29:00.613227
183,Niels,Santi,12,4,1975,Greece,False Positive,P17,High,2022-03-21 13:29:00.613227
184,Delphine,Asbrey,24,3,2000,Poland,False Positive,P4,High,2022-03-21 13:29:00.613227
185,Lowe,Tebboth,16,9,1977,China,False Positive,P5,High,2022-03-21 13:29:00.613227
186,Romy,Hissie,28,11,1986,Ukraine,False Positive,P6,Low,2022-03-21 13:29:00.613227
187,Bat,Gumey,6,12,1976,Czech Republic,False Positive,P7,High,2022-03-21 13:29:00.613227
188,Donavon,Filippo,14,5,2015,China,False Positive,Forex,Low,2022-03-21 13:29:00.613227
189,Cordie,Burdon,1,12,1975,Bangladesh,False Positive,Freit,High,2022-03-21 13:29:00.613227
190,Roger,Tomley,23,8,1977,Brazil,False Positive,Securities,Medium,2022-03-21 13:29:00.613227
191,Nani,Issard,13,11,1975,Central African Republic,False Positive,P17,High,2022-03-21 13:29:00.613227
192,Abeu,Aspenlon,27,4,1998,China,False Positive,P4,Low,2022-03-21 13:29:00.613227
193,Hayyim,Bockings,19,10,2010,Ukraine,False Positive,P5,High,2022-03-21 13:29:00.613227
194,Elijah,Girod,29,5,1988,China,False Positive,P6,Medium,2022-03-21 13:29:00.613227
195,Pearce,Hinsche,18,11,2004,Philippines,False Positive,P7,Low,2022-03-21 13:29:00.613227
196,Karin,Doni,21,1,2001,Russia,False Positive,Forex,High,2022-03-21 13:29:00.613227
197,Donall,Murdy,8,2,2006,France,False Positive,Freit,Low,2022-03-21 13:29:00.613227
198,Rodrique,Cathery,21,7,1975,Russia,False Positive,Securities,Low,2022-03-21 13:29:00.613227
199,Jenine,Hansed,3,8,2010,China,False Positive,Forex,High,2022-03-21 13:29:00.613227
200,Grace,Robinet,10,4,2004,France,False Positive,Freit,High,2022-03-21 13:29:00.613227
201,Llewellyn,Collingwood,31,5,1979,Indonesia,False Positive,Securities,High,2022-03-21 13:29:00.613227
202,Keely,Covil,4,9,1978,Russia,False Positive,Forex,Medium,2022-03-21 13:29:00.613227
203,Elisa,Arnecke,16,8,1977,Thailand,False Positive,Freit,Low,2022-03-21 13:29:00.613227
204,asdsad,fdgdfgdfg,7,12,1965,North Korea,New Customer,P8,High,2022-03-21 13:29:00.613227
205,SAED,aaaaaa,7,12,1965,North Korea,New Customer,P9,Low,2022-03-21 13:29:00.613227
206,SAED,ELHOORIE,7,12,1965,North Korea,Suspicious,P10,Low,2022-03-21 13:29:00.613227
207,SAJID,MIR,18,9,1978,Pakistan,Suspicious,P11,High,2022-03-21 13:29:00.613227
208,ABD,AWDA,22,12,1950,Syria,Suspicious,P12,Medium,2022-03-21 13:29:00.613227
209,DANIEL,ANDREAS,20,3,1978,United States,Suspicious,P13,Low,2022-03-21 13:29:00.613227
210,HUSAM,ABDALRAUF,13,8,1958,Egypt,Suspicious,P14,Medium,2022-03-21 13:29:00.613227
211,JABER,ELBANEH,6,6,1966,Yemen,Suspicious,P15,Low,2022-03-21 13:29:00.613227
212,IBRAHIM,SALIH,14,10,1966,Russia,Suspicious,P16,Low,2022-03-21 13:29:00.613227
213,Nicolea,Hanse,28,1,1988,Thailand,False Positive,Securities,Low,2022-03-21 13:29:00.613227
214,Donica,Rishworth,10,7,1992,Portugal,False Positive,Forex,Medium,2022-03-21 13:29:00.613227
215,Hyacinthe,Goodding,30,1,2005,China,False Positive,Freit,High,2022-03-21 13:29:00.613227
216,Kira,Leguay,25,2,2008,Namibia,False Positive,P13,Medium,2022-03-21 13:29:00.613227
217,Niels,Santi,12,4,1975,Greece,False Positive,P17,High,2022-03-21 13:29:00.613227
218,Delphine,Asbrey,24,3,2000,Poland,False Positive,P4,High,2022-03-21 13:29:00.613227
219,Lowe,Tebboth,16,9,1977,China,False Positive,P5,High,2022-03-21 13:29:00.613227
220,Romy,Hissie,28,11,1986,Ukraine,False Positive,P6,Low,2022-03-21 13:29:00.613227
221,Bat,Gumey,6,12,1976,Czech Republic,False Positive,P7,High,2022-03-21 13:29:00.613227
222,Donavon,Filippo,14,5,2015,China,False Positive,Forex,Low,2022-03-21 13:29:00.613227
223,Cordie,Burdon,1,12,1975,Bangladesh,False Positive,Freit,High,2022-03-21 13:29:00.613227
224,Roger,Tomley,23,8,1977,Brazil,False Positive,Securities,Medium,2022-03-21 13:29:00.613227
225,Nani,Issard,13,11,1975,Central African Republic,False Positive,P17,High,2022-03-21 13:29:00.613227
226,Abeu,Aspenlon,27,4,1998,China,False Positive,P4,Low,2022-03-21 13:29:00.613227
227,Hayyim,Bockings,19,10,2010,Ukraine,False Positive,P5,High,2022-03-21 13:29:00.613227
228,Elijah,Girod,29,5,1988,China,False Positive,P6,Medium,2022-03-21 13:29:00.613227
229,Pearce,Hinsche,18,11,2004,Philippines,False Positive,P7,Low,2022-03-21 13:29:00.613227
230,Karin,Doni,21,1,2001,Russia,False Positive,Forex,High,2022-03-21 13:29:00.613227
231,Donall,Murdy,8,2,2006,France,False Positive,Freit,Low,2022-03-21 13:29:00.613227
232,Rodrique,Cathery,21,7,1975,Russia,False Positive,Securities,Low,2022-03-21 13:29:00.613227
233,Jenine,Hansed,3,8,2010,China,False Positive,Forex,High,2022-03-21 13:29:00.613227
234,Grace,Robinet,10,4,2004,France,False Positive,Freit,High,2022-03-21 13:29:00.613227
235,Llewellyn,Collingwood,31,5,1979,Indonesia,False Positive,Securities,High,2022-03-21 13:29:00.613227
236,Keely,Covil,4,9,1978,Russia,False Positive,Forex,Medium,2022-03-21 13:29:00.613227
237,Elisa,Arnecke,16,8,1977,Thailand,False Positive,Freit,Low,2022-03-21 13:29:00.613227
238,asdsad,fdgdfgdfg,7,12,1965,North Korea,New Customer,P8,High,2022-03-21 13:29:00.613227
239,SAED,aaaaaa,7,12,1965,North Korea,New Customer,P9,Low,2022-03-21 13:29:00.613227
240,SAED,ELHOORIE,7,12,1965,North Korea,Suspicious,P10,Low,2022-03-21 13:29:00.613227
241,SAJID,MIR,18,9,1978,Pakistan,Suspicious,P11,High,2022-03-21 13:29:00.613227
242,ABD,AWDA,22,12,1950,Syria,Suspicious,P12,Medium,2022-03-21 13:29:00.613227
243,DANIEL,ANDREAS,20,3,1978,United States,Suspicious,P13,Low,2022-03-21 13:29:00.613227
244,HUSAM,ABDALRAUF,13,8,1958,Egypt,Suspicious,P14,Medium,2022-03-21 13:29:00.613227
245,JABER,ELBANEH,6,6,1966,Yemen,Suspicious,P15,Low,2022-03-21 13:29:00.613227
246,IBRAHIM,SALIH,14,10,1966,Russia,Suspicious,P16,Low,2022-03-21 13:29:00.613227
247,Nicolea,Hanse,28,1,1988,Thailand,False Positive,Securities,Low,2022-03-21 13:29:00.613227
248,Donica,Rishworth,10,7,1992,Portugal,False Positive,Forex,Medium,2022-03-21 13:29:00.613227
249,Hyacinthe,Goodding,30,1,2005,China,False Positive,Freit,High,2022-03-21 13:29:00.613227
250,Kira,Leguay,25,2,2008,Namibia,False Positive,P13,Medium,2022-03-21 13:29:00.613227
251,Niels,Santi,12,4,1975,Greece,False Positive,P17,High,2022-03-21 13:29:00.613227
252,Delphine,Asbrey,24,3,2000,Poland,False Positive,P4,High,2022-03-21 13:29:00.613227
253,Lowe,Tebboth,16,9,1977,China,False Positive,P5,High,2022-03-21 13:29:00.613227
254,Romy,Hissie,28,11,1986,Ukraine,False Positive,P6,Low,2022-03-21 13:29:00.613227
255,Bat,Gumey,6,12,1976,Czech Republic,False Positive,P7,High,2022-03-21 13:29:00.613227
256,Donavon,Filippo,14,5,2015,China,False Positive,Forex,Low,2022-03-21 13:29:00.613227
257,Cordie,Burdon,1,12,1975,Bangladesh,False Positive,Freit,High,2022-03-21 13:29:00.613227
258,Roger,Tomley,23,8,1977,Brazil,False Positive,Securities,Medium,2022-03-21 13:29:00.613227
259,Nani,Issard,13,11,1975,Central African Republic,False Positive,P17,High,2022-03-21 13:29:00.613227
260,Abeu,Aspenlon,27,4,1998,China,False Positive,P4,Low,2022-03-21 13:29:00.613227
261,Hayyim,Bockings,19,10,2010,Ukraine,False Positive,P5,High,2022-03-21 13:29:00.613227
262,Elijah,Girod,29,5,1988,China,False Positive,P6,Medium,2022-03-21 13:29:00.613227
263,Pearce,Hinsche,18,11,2004,Philippines,False Positive,P7,Low,2022-03-21 13:29:00.613227
264,Karin,Doni,21,1,2001,Russia,False Positive,Forex,High,2022-03-21 13:29:00.613227
265,Donall,Murdy,8,2,2006,France,False Positive,Freit,Low,2022-03-21 13:29:00.613227
266,Rodrique,Cathery,21,7,1975,Russia,False Positive,Securities,Low,2022-03-21 13:29:00.613227
267,Jenine,Hansed,3,8,2010,China,False Positive,Forex,High,2022-03-21 13:29:00.613227
268,Grace,Robinet,10,4,2004,France,False Positive,Freit,High,2022-03-21 13:29:00.613227
269,Llewellyn,Collingwood,31,5,1979,Indonesia,False Positive,Securities,High,2022-03-21 13:29:00.613227
270,Keely,Covil,4,9,1978,Russia,False Positive,Forex,Medium,2022-03-21 13:29:00.613227
271,Elisa,Arnecke,16,8,1977,Thailand,False Positive,Freit,Low,2022-03-21 13:29:00.613227
272,asdsad,fdgdfgdfg,7,12,1965,North Korea,New Customer,P8,High,2022-03-21 13:29:00.613227
273,SAED,aaaaaa,7,12,1965,North Korea,New Customer,P9,Low,2022-03-21 13:29:00.613227
274,SAED,ELHOORIE,7,12,1965,North Korea,Suspicious,P10,Low,2022-03-21 13:29:00.613227
275,SAJID,MIR,18,9,1978,Pakistan,Suspicious,P11,High,2022-03-21 13:29:00.613227
276,ABD,AWDA,22,12,1950,Syria,Suspicious,P12,Medium,2022-03-21 13:29:00.613227
277,DANIEL,ANDREAS,20,3,1978,United States,Suspicious,P13,Low,2022-03-21 13:29:00.613227
278,HUSAM,ABDALRAUF,13,8,1958,Egypt,Suspicious,P14,Medium,2022-03-21 13:29:00.613227
279,JABER,ELBANEH,6,6,1966,Yemen,Suspicious,P15,Low,2022-03-21 13:29:00.613227
280,IBRAHIM,SALIH,14,10,1966,Russia,Suspicious,P16,Low,2022-03-21 13:29:00.613227
281,Nicolea,Hanse,28,1,1988,Thailand,False Positive,Securities,Low,2022-03-21 13:29:00.613227
282,Donica,Rishworth,10,7,1992,Portugal,False Positive,Forex,Medium,2022-03-21 13:29:00.613227
283,Hyacinthe,Goodding,30,1,2005,China,False Positive,Freit,High,2022-03-21 13:29:00.613227
284,Kira,Leguay,25,2,2008,Namibia,False Positive,P13,Medium,2022-03-21 13:29:00.613227
285,Niels,Santi,12,4,1975,Greece,False Positive,P17,High,2022-03-21 13:29:00.613227
286,Delphine,Asbrey,24,3,2000,Poland,False Positive,P4,High,2022-03-21 13:29:00.613227
287,Lowe,Tebboth,16,9,1977,China,False Positive,P5,High,2022-03-21 13:29:00.613227
288,Romy,Hissie,28,11,1986,Ukraine,False Positive,P6,Low,2022-03-21 13:29:00.613227
289,Bat,Gumey,6,12,1976,Czech Republic,False Positive,P7,High,2022-03-21 13:29:00.613227
290,Donavon,Filippo,14,5,2015,China,False Positive,Forex,Low,2022-03-21 13:29:00.613227
291,Cordie,Burdon,1,12,1975,Bangladesh,False Positive,Freit,High,2022-03-21 13:29:00.613227
292,Roger,Tomley,23,8,1977,Brazil,False Positive,Securities,Medium,2022-03-21 13:29:00.613227
293,Nani,Issard,13,11,1975,Central African Republic,False Positive,P17,High,2022-03-21 13:29:00.613227
294,Abeu,Aspenlon,27,4,1998,China,False Positive,P4,Low,2022-03-21 13:29:00.613227
295,Hayyim,Bockings,19,10,2010,Ukraine,False Positive,P5,High,2022-03-21 13:29:00.613227
296,Elijah,Girod,29,5,1988,China,False Positive,P6,Medium,2022-03-21 13:29:00.613227
297,Pearce,Hinsche,18,11,2004,Philippines,False Positive,P7,Low,2022-03-21 13:29:00.613227
298,Karin,Doni,21,1,2001,Russia,False Positive,Forex,High,2022-03-21 13:29:00.613227
299,Donall,Murdy,8,2,2006,France,False Positive,Freit,Low,2022-03-21 13:29:00.613227
300,Rodrique,Cathery,21,7,1975,Russia,False Positive,Securities,Low,2022-03-21 13:29:00.613227
301,Jenine,Hansed,3,8,2010,China,False Positive,Forex,High,2022-03-21 13:29:00.613227
302,Grace,Robinet,10,4,2004,France,False Positive,Freit,High,2022-03-21 13:29:00.613227
303,Llewellyn,Collingwood,31,5,1979,Indonesia,False Positive,Securities,High,2022-03-21 13:29:00.613227
304,Keely,Covil,4,9,1978,Russia,False Positive,Forex,Medium,2022-03-21 13:29:00.613227
305,Elisa,Arnecke,16,8,1977,Thailand,False Positive,Freit,Low,2022-03-21 13:29:00.613227
